﻿[
    {
        "IdProducto": "1",
        "NombreProducto": "Té Dharamsala",
        "Proveedor": "Exotic Liquids",
        "Categoría": "Bebidas",
        "CantidadPorUnidad": "10 cajas x 20 bolsas",
        "PrecioUnidad": "1018",
        "UnidadesEnExistencia": "39",
        "UnidadesEnPedido": "0",
        "NivelNuevoPedido": "10",
        "Suspendido": "FALSE"
    },
    {
        "IdProducto": "2",
        "NombreProducto": "Cerveza tibetana Barley",
        "Proveedor": "Exotic Liquids",
        "Categoría": "Bebidas",
        "CantidadPorUnidad": "24 - bot. 12 l",
        "PrecioUnidad": "1019",
        "UnidadesEnExistencia": "17",
        "UnidadesEnPedido": "40",
        "NivelNuevoPedido": "25",
        "Suspendido": "FALSE"
    },
    {
        "IdProducto": "3",
        "NombreProducto": "Sirope de regaliz",
        "Proveedor": "Exotic Liquids",
        "Categoría": "Condimentos",
        "CantidadPorUnidad": "12 - bot. 550 ml",
        "PrecioUnidad": "1010",
        "UnidadesEnExistencia": "13",
        "UnidadesEnPedido": "70",
        "NivelNuevoPedido": "25",
        "Suspendido": "FALSE"
    },
    {
        "IdProducto": "4",
        "NombreProducto": "Especias Cajun del chef Anton",
        "Proveedor": "New Orleans Cajun Delights",
        "Categoría": "Condimentos",
        "CantidadPorUnidad": "48 - frascos 6 l",
        "PrecioUnidad": "1022",
        "UnidadesEnExistencia": "53",
        "UnidadesEnPedido": "0",
        "NivelNuevoPedido": "0",
        "Suspendido": "FALSE"
    },
    {
        "IdProducto": "5",
        "NombreProducto": "Mezcla Gumbo del chef Anton",
        "Proveedor": "New Orleans Cajun Delights",
        "Categoría": "Condimentos",
        "CantidadPorUnidad": "36 cajas",
        "PrecioUnidad": "1021.35",
        "UnidadesEnExistencia": "0",
        "UnidadesEnPedido": "0",
        "NivelNuevoPedido": "0",
        "Suspendido": "TRUE"
    },
    {
        "IdProducto": "6",
        "NombreProducto": "Mermelada de grosellas de la abuela",
        "Proveedor": "Grandma Kelly's Homestead",
        "Categoría": "Condimentos",
        "CantidadPorUnidad": "12 - frascos 8 l",
        "PrecioUnidad": "1025",
        "UnidadesEnExistencia": "120",
        "UnidadesEnPedido": "0",
        "NivelNuevoPedido": "25",
        "Suspendido": "FALSE"
    },
    {
        "IdProducto": "7",
        "NombreProducto": "Peras secas orgánicas del tío Bob",
        "Proveedor": "Grandma Kelly's Homestead",
        "Categoría": "Frutas/Verduras",
        "CantidadPorUnidad": "12 - paq. 1 kg",
        "PrecioUnidad": "1030",
        "UnidadesEnExistencia": "15",
        "UnidadesEnPedido": "0",
        "NivelNuevoPedido": "10",
        "Suspendido": "FALSE"
    },
    {
        "IdProducto": "8",
        "NombreProducto": "Salsa de arándanos Northwoods",
        "Proveedor": "Grandma Kelly's Homestead",
        "Categoría": "Condimentos",
        "CantidadPorUnidad": "12 - frascos 12 l",
        "PrecioUnidad": "1040",
        "UnidadesEnExistencia": "6",
        "UnidadesEnPedido": "0",
        "NivelNuevoPedido": "0",
        "Suspendido": "FALSE"
    },
    {
        "IdProducto": "9",
        "NombreProducto": "Buey Mishi Kobe",
        "Proveedor": "Tokyo Traders",
        "Categoría": "Carnes",
        "CantidadPorUnidad": "18 - paq. 500 g",
        "PrecioUnidad": "1097",
        "UnidadesEnExistencia": "29",
        "UnidadesEnPedido": "0",
        "NivelNuevoPedido": "0",
        "Suspendido": "TRUE"
    },
    {
        "IdProducto": "10",
        "NombreProducto": "Pez espada",
        "Proveedor": "Tokyo Traders",
        "Categoría": "Pescado/Marisco",
        "CantidadPorUnidad": "12 - frascos 200 ml",
        "PrecioUnidad": "1031",
        "UnidadesEnExistencia": "31",
        "UnidadesEnPedido": "0",
        "NivelNuevoPedido": "0",
        "Suspendido": "FALSE"
    },
    {
        "IdProducto": "11",
        "NombreProducto": "Queso Cabrales",
        "Proveedor": "Cooperativa de Quesos 'Las Cabras'",
        "Categoría": "Lácteos",
        "CantidadPorUnidad": "paq. 1 kg",
        "PrecioUnidad": "1021",
        "UnidadesEnExistencia": "22",
        "UnidadesEnPedido": "30",
        "NivelNuevoPedido": "30",
        "Suspendido": "FALSE"
    },
    {
        "IdProducto": "12",
        "NombreProducto": "Queso Manchego La Pastora",
        "Proveedor": "Cooperativa de Quesos 'Las Cabras'",
        "Categoría": "Lácteos",
        "CantidadPorUnidad": "10 - paq. 500 g",
        "PrecioUnidad": "1038",
        "UnidadesEnExistencia": "86",
        "UnidadesEnPedido": "0",
        "NivelNuevoPedido": "0",
        "Suspendido": "FALSE"
    },
    {
        "IdProducto": "13",
        "NombreProducto": "Algas Konbu",
        "Proveedor": "Mayumi's",
        "Categoría": "Pescado/Marisco",
        "CantidadPorUnidad": "caja 2 kg",
        "PrecioUnidad": "1006",
        "UnidadesEnExistencia": "24",
        "UnidadesEnPedido": "0",
        "NivelNuevoPedido": "5",
        "Suspendido": "FALSE"
    },
    {
        "IdProducto": "14",
        "NombreProducto": "Cuajada de judías",
        "Proveedor": "Mayumi's",
        "Categoría": "Frutas/Verduras",
        "CantidadPorUnidad": "40 - paq. 100 g",
        "PrecioUnidad": "1023.25",
        "UnidadesEnExistencia": "35",
        "UnidadesEnPedido": "0",
        "NivelNuevoPedido": "0",
        "Suspendido": "FALSE"
    },
    {
        "IdProducto": "15",
        "NombreProducto": "Salsa de soja baja en sodio",
        "Proveedor": "Mayumi's",
        "Categoría": "Condimentos",
        "CantidadPorUnidad": "24 - bot. 250 ml",
        "PrecioUnidad": "1015.5",
        "UnidadesEnExistencia": "39",
        "UnidadesEnPedido": "0",
        "NivelNuevoPedido": "5",
        "Suspendido": "FALSE"
    },
    {
        "IdProducto": "16",
        "NombreProducto": "Postre de merengue Pavlova",
        "Proveedor": "Pavlova, Ltd.",
        "Categoría": "Repostería",
        "CantidadPorUnidad": "32 - cajas 500 g",
        "PrecioUnidad": "1017.45",
        "UnidadesEnExistencia": "29",
        "UnidadesEnPedido": "0",
        "NivelNuevoPedido": "10",
        "Suspendido": "FALSE"
    },
    {
        "IdProducto": "17",
        "NombreProducto": "Cordero Alice Springs",
        "Proveedor": "Pavlova, Ltd.",
        "Categoría": "Carnes",
        "CantidadPorUnidad": "20 - latas 1 kg",
        "PrecioUnidad": "1039",
        "UnidadesEnExistencia": "0",
        "UnidadesEnPedido": "0",
        "NivelNuevoPedido": "0",
        "Suspendido": "TRUE"
    },
    {
        "IdProducto": "18",
        "NombreProducto": "Langostinos tigre Carnarvon",
        "Proveedor": "Pavlova, Ltd.",
        "Categoría": "Pescado/Marisco",
        "CantidadPorUnidad": "paq. 16 kg",
        "PrecioUnidad": "1062.5",
        "UnidadesEnExistencia": "42",
        "UnidadesEnPedido": "0",
        "NivelNuevoPedido": "0",
        "Suspendido": "FALSE"
    },
    {
        "IdProducto": "19",
        "NombreProducto": "Pastas de té de chocolate",
        "Proveedor": "Specialty Biscuits, Ltd.",
        "Categoría": "Repostería",
        "CantidadPorUnidad": "10 cajas x 12 piezas",
        "PrecioUnidad": "1009.2",
        "UnidadesEnExistencia": "25",
        "UnidadesEnPedido": "0",
        "NivelNuevoPedido": "5",
        "Suspendido": "FALSE"
    },
    {
        "IdProducto": "20",
        "NombreProducto": "Mermelada de Sir Rodney's",
        "Proveedor": "Specialty Biscuits, Ltd.",
        "Categoría": "Repostería",
        "CantidadPorUnidad": "30 cajas regalo",
        "PrecioUnidad": "1081",
        "UnidadesEnExistencia": "40",
        "UnidadesEnPedido": "0",
        "NivelNuevoPedido": "0",
        "Suspendido": "FALSE"
    },
    {
        "IdProducto": "21",
        "NombreProducto": "Bollos de Sir Rodney's",
        "Proveedor": "Specialty Biscuits, Ltd.",
        "Categoría": "Repostería",
        "CantidadPorUnidad": "24 paq. x 4 piezas",
        "PrecioUnidad": "1010",
        "UnidadesEnExistencia": "3",
        "UnidadesEnPedido": "40",
        "NivelNuevoPedido": "5",
        "Suspendido": "FALSE"
    },
    {
        "IdProducto": "22",
        "NombreProducto": "Pan de centeno crujiente estilo Gustaf's",
        "Proveedor": "PB Knäckebröd AB",
        "Categoría": "Granos/Cereales",
        "CantidadPorUnidad": "24 - paq. 500 g",
        "PrecioUnidad": "1021",
        "UnidadesEnExistencia": "104",
        "UnidadesEnPedido": "0",
        "NivelNuevoPedido": "25",
        "Suspendido": "FALSE"
    },
    {
        "IdProducto": "23",
        "NombreProducto": "Pan fino",
        "Proveedor": "PB Knäckebröd AB",
        "Categoría": "Granos/Cereales",
        "CantidadPorUnidad": "12 - paq. 250 g",
        "PrecioUnidad": "1009",
        "UnidadesEnExistencia": "61",
        "UnidadesEnPedido": "0",
        "NivelNuevoPedido": "25",
        "Suspendido": "FALSE"
    },
    {
        "IdProducto": "24",
        "NombreProducto": "Refresco Guaraná Fantástica",
        "Proveedor": "Refrescos Americanas LTDA",
        "Categoría": "Bebidas",
        "CantidadPorUnidad": "12 - latas 355 ml",
        "PrecioUnidad": "1004.5",
        "UnidadesEnExistencia": "20",
        "UnidadesEnPedido": "0",
        "NivelNuevoPedido": "0",
        "Suspendido": "TRUE"
    },
    {
        "IdProducto": "25",
        "NombreProducto": "Crema de chocolate y nueces NuNuCa",
        "Proveedor": "Heli Süßwaren GmbH & Co. KG",
        "Categoría": "Repostería",
        "CantidadPorUnidad": "20 - vasos  450 g",
        "PrecioUnidad": "1014",
        "UnidadesEnExistencia": "76",
        "UnidadesEnPedido": "0",
        "NivelNuevoPedido": "30",
        "Suspendido": "FALSE"
    },
    {
        "IdProducto": "26",
        "NombreProducto": "Ositos de goma Gumbär",
        "Proveedor": "Heli Süßwaren GmbH & Co. KG",
        "Categoría": "Repostería",
        "CantidadPorUnidad": "100 - bolsas 250 g",
        "PrecioUnidad": "1031.23",
        "UnidadesEnExistencia": "15",
        "UnidadesEnPedido": "0",
        "NivelNuevoPedido": "0",
        "Suspendido": "FALSE"
    },
    {
        "IdProducto": "27",
        "NombreProducto": "Chocolate Schoggi",
        "Proveedor": "Heli Süßwaren GmbH & Co. KG",
        "Categoría": "Repostería",
        "CantidadPorUnidad": "100 - piezas 100 g",
        "PrecioUnidad": "1043.9",
        "UnidadesEnExistencia": "49",
        "UnidadesEnPedido": "0",
        "NivelNuevoPedido": "30",
        "Suspendido": "FALSE"
    },
    {
        "IdProducto": "28",
        "NombreProducto": "Col fermentada Rössle",
        "Proveedor": "Plutzer Lebensmittelgroßmärkte AG",
        "Categoría": "Frutas/Verduras",
        "CantidadPorUnidad": "25 - latas 825 g",
        "PrecioUnidad": "1045.6",
        "UnidadesEnExistencia": "26",
        "UnidadesEnPedido": "0",
        "NivelNuevoPedido": "0",
        "Suspendido": "TRUE"
    },
    {
        "IdProducto": "29",
        "NombreProducto": "Salchicha Thüringer",
        "Proveedor": "Plutzer Lebensmittelgroßmärkte AG",
        "Categoría": "Carnes",
        "CantidadPorUnidad": "50 bolsas x 30 salch",
        "PrecioUnidad": "1123.79",
        "UnidadesEnExistencia": "0",
        "UnidadesEnPedido": "0",
        "NivelNuevoPedido": "0",
        "Suspendido": "TRUE"
    },
    {
        "IdProducto": "30",
        "NombreProducto": "Arenque blanco del noroeste",
        "Proveedor": "Nord-Ost-Fisch Handelsgesellschaft mbH",
        "Categoría": "Pescado/Marisco",
        "CantidadPorUnidad": "10 - vasos 200 g",
        "PrecioUnidad": "1025.89",
        "UnidadesEnExistencia": "10",
        "UnidadesEnPedido": "0",
        "NivelNuevoPedido": "15",
        "Suspendido": "FALSE"
    },
    {
        "IdProducto": "31",
        "NombreProducto": "Queso gorgonzola Telino",
        "Proveedor": "Formaggi Fortini s.r.l.",
        "Categoría": "Lácteos",
        "CantidadPorUnidad": "12 - paq. 100 g",
        "PrecioUnidad": "1012.5",
        "UnidadesEnExistencia": "0",
        "UnidadesEnPedido": "70",
        "NivelNuevoPedido": "20",
        "Suspendido": "FALSE"
    },
    {
        "IdProducto": "32",
        "NombreProducto": "Queso Mascarpone Fabioli",
        "Proveedor": "Formaggi Fortini s.r.l.",
        "Categoría": "Lácteos",
        "CantidadPorUnidad": "24 - paq. 200 g",
        "PrecioUnidad": "1032",
        "UnidadesEnExistencia": "9",
        "UnidadesEnPedido": "40",
        "NivelNuevoPedido": "25",
        "Suspendido": "FALSE"
    },
    {
        "IdProducto": "33",
        "NombreProducto": "Queso de cabra",
        "Proveedor": "Norske Meierier",
        "Categoría": "Lácteos",
        "CantidadPorUnidad": "500 g",
        "PrecioUnidad": "1002.5",
        "UnidadesEnExistencia": "112",
        "UnidadesEnPedido": "0",
        "NivelNuevoPedido": "20",
        "Suspendido": "FALSE"
    },
    {
        "IdProducto": "34",
        "NombreProducto": "Cerveza Sasquatch",
        "Proveedor": "Bigfoot Breweries",
        "Categoría": "Bebidas",
        "CantidadPorUnidad": "24 - bot. 12 l",
        "PrecioUnidad": "1014",
        "UnidadesEnExistencia": "111",
        "UnidadesEnPedido": "0",
        "NivelNuevoPedido": "15",
        "Suspendido": "FALSE"
    },
    {
        "IdProducto": "35",
        "NombreProducto": "Cerveza negra Steeleye",
        "Proveedor": "Bigfoot Breweries",
        "Categoría": "Bebidas",
        "CantidadPorUnidad": "24 - bot. 12 l",
        "PrecioUnidad": "1018",
        "UnidadesEnExistencia": "20",
        "UnidadesEnPedido": "0",
        "NivelNuevoPedido": "15",
        "Suspendido": "FALSE"
    },
    {
        "IdProducto": "36",
        "NombreProducto": "Escabeche de arenque",
        "Proveedor": "Svensk Sjöföda AB",
        "Categoría": "Pescado/Marisco",
        "CantidadPorUnidad": "24 - frascos 250 g",
        "PrecioUnidad": "1019",
        "UnidadesEnExistencia": "112",
        "UnidadesEnPedido": "0",
        "NivelNuevoPedido": "20",
        "Suspendido": "FALSE"
    },
    {
        "IdProducto": "37",
        "NombreProducto": "Salmón ahumado Gravad",
        "Proveedor": "Svensk Sjöföda AB",
        "Categoría": "Pescado/Marisco",
        "CantidadPorUnidad": "12 - paq. 500 g",
        "PrecioUnidad": "1026",
        "UnidadesEnExistencia": "11",
        "UnidadesEnPedido": "50",
        "NivelNuevoPedido": "25",
        "Suspendido": "FALSE"
    },
    {
        "IdProducto": "38",
        "NombreProducto": "Vino Côte de Blaye",
        "Proveedor": "Aux joyeux ecclésiastiques",
        "Categoría": "Bebidas",
        "CantidadPorUnidad": "12 - bot. 75 cl",
        "PrecioUnidad": "1263.5",
        "UnidadesEnExistencia": "17",
        "UnidadesEnPedido": "0",
        "NivelNuevoPedido": "15",
        "Suspendido": "FALSE"
    },
    {
        "IdProducto": "39",
        "NombreProducto": "Licor verde Chartreuse",
        "Proveedor": "Aux joyeux ecclésiastiques",
        "Categoría": "Bebidas",
        "CantidadPorUnidad": "750 cc por bot.",
        "PrecioUnidad": "1018",
        "UnidadesEnExistencia": "69",
        "UnidadesEnPedido": "0",
        "NivelNuevoPedido": "5",
        "Suspendido": "FALSE"
    },
    {
        "IdProducto": "40",
        "NombreProducto": "Carne de cangrejo de Boston",
        "Proveedor": "New England Seafood Cannery",
        "Categoría": "Pescado/Marisco",
        "CantidadPorUnidad": "24 - latas 4 l",
        "PrecioUnidad": "1018.4",
        "UnidadesEnExistencia": "123",
        "UnidadesEnPedido": "0",
        "NivelNuevoPedido": "30",
        "Suspendido": "FALSE"
    },
    {
        "IdProducto": "41",
        "NombreProducto": "Crema de almejas estilo Nueva Inglaterra",
        "Proveedor": "New England Seafood Cannery",
        "Categoría": "Pescado/Marisco",
        "CantidadPorUnidad": "12 - latas 12 l",
        "PrecioUnidad": "1009.65",
        "UnidadesEnExistencia": "85",
        "UnidadesEnPedido": "0",
        "NivelNuevoPedido": "10",
        "Suspendido": "FALSE"
    },
    {
        "IdProducto": "42",
        "NombreProducto": "Tallarines de Singapur",
        "Proveedor": "Leka Trading",
        "Categoría": "Granos/Cereales",
        "CantidadPorUnidad": "32 - 1 kg paq.",
        "PrecioUnidad": "1014",
        "UnidadesEnExistencia": "26",
        "UnidadesEnPedido": "0",
        "NivelNuevoPedido": "0",
        "Suspendido": "TRUE"
    },
    {
        "IdProducto": "43",
        "NombreProducto": "Café de Malasia",
        "Proveedor": "Leka Trading",
        "Categoría": "Bebidas",
        "CantidadPorUnidad": "16 - latas 500 g",
        "PrecioUnidad": "1046",
        "UnidadesEnExistencia": "17",
        "UnidadesEnPedido": "10",
        "NivelNuevoPedido": "25",
        "Suspendido": "FALSE"
    },
    {
        "IdProducto": "44",
        "NombreProducto": "Azúcar negra Malacca",
        "Proveedor": "Leka Trading",
        "Categoría": "Condimentos",
        "CantidadPorUnidad": "20 - bolsas 2 kg",
        "PrecioUnidad": "1019.45",
        "UnidadesEnExistencia": "27",
        "UnidadesEnPedido": "0",
        "NivelNuevoPedido": "15",
        "Suspendido": "FALSE"
    },
    {
        "IdProducto": "45",
        "NombreProducto": "Arenque ahumado",
        "Proveedor": "Lyngbysild",
        "Categoría": "Pescado/Marisco",
        "CantidadPorUnidad": "paq. 1k",
        "PrecioUnidad": "1009.5",
        "UnidadesEnExistencia": "5",
        "UnidadesEnPedido": "70",
        "NivelNuevoPedido": "15",
        "Suspendido": "FALSE"
    },
    {
        "IdProducto": "46",
        "NombreProducto": "Arenque salado",
        "Proveedor": "Lyngbysild",
        "Categoría": "Pescado/Marisco",
        "CantidadPorUnidad": "4 - vasos 450 g",
        "PrecioUnidad": "1012",
        "UnidadesEnExistencia": "95",
        "UnidadesEnPedido": "0",
        "NivelNuevoPedido": "0",
        "Suspendido": "FALSE"
    },
    {
        "IdProducto": "47",
        "NombreProducto": "Galletas Zaanse",
        "Proveedor": "Zaanse Snoepfabriek",
        "Categoría": "Repostería",
        "CantidadPorUnidad": "10 - cajas 4 l",
        "PrecioUnidad": "1009.5",
        "UnidadesEnExistencia": "36",
        "UnidadesEnPedido": "0",
        "NivelNuevoPedido": "0",
        "Suspendido": "FALSE"
    },
    {
        "IdProducto": "48",
        "NombreProducto": "Chocolate holandés",
        "Proveedor": "Zaanse Snoepfabriek",
        "Categoría": "Repostería",
        "CantidadPorUnidad": "10 paq.",
        "PrecioUnidad": "1012.75",
        "UnidadesEnExistencia": "15",
        "UnidadesEnPedido": "70",
        "NivelNuevoPedido": "25",
        "Suspendido": "FALSE"
    },
    {
        "IdProducto": "49",
        "NombreProducto": "Regaliz",
        "Proveedor": "Karkki Oy",
        "Categoría": "Repostería",
        "CantidadPorUnidad": "24 - paq. 50 g",
        "PrecioUnidad": "1020",
        "UnidadesEnExistencia": "10",
        "UnidadesEnPedido": "60",
        "NivelNuevoPedido": "15",
        "Suspendido": "FALSE"
    },
    {
        "IdProducto": "50",
        "NombreProducto": "Chocolate blanco",
        "Proveedor": "Karkki Oy",
        "Categoría": "Repostería",
        "CantidadPorUnidad": "12 - barras 100 g",
        "PrecioUnidad": "1016.25",
        "UnidadesEnExistencia": "65",
        "UnidadesEnPedido": "0",
        "NivelNuevoPedido": "30",
        "Suspendido": "FALSE"
    },
    {
        "IdProducto": "51",
        "NombreProducto": "Manzanas secas Manjimup",
        "Proveedor": "G'day, Mate",
        "Categoría": "Frutas/Verduras",
        "CantidadPorUnidad": "50 - paq. 300 g",
        "PrecioUnidad": "1053",
        "UnidadesEnExistencia": "20",
        "UnidadesEnPedido": "0",
        "NivelNuevoPedido": "10",
        "Suspendido": "FALSE"
    },
    {
        "IdProducto": "52",
        "NombreProducto": "Cereales para Filo",
        "Proveedor": "G'day, Mate",
        "Categoría": "Granos/Cereales",
        "CantidadPorUnidad": "16 - cajas 2 kg",
        "PrecioUnidad": "1007",
        "UnidadesEnExistencia": "38",
        "UnidadesEnPedido": "0",
        "NivelNuevoPedido": "25",
        "Suspendido": "FALSE"
    },
    {
        "IdProducto": "53",
        "NombreProducto": "Empanada de carne",
        "Proveedor": "G'day, Mate",
        "Categoría": "Carnes",
        "CantidadPorUnidad": "48 porc.",
        "PrecioUnidad": "1032.8",
        "UnidadesEnExistencia": "0",
        "UnidadesEnPedido": "0",
        "NivelNuevoPedido": "0",
        "Suspendido": "TRUE"
    },
    {
        "IdProducto": "54",
        "NombreProducto": "Empanada de cerdo",
        "Proveedor": "Ma Maison",
        "Categoría": "Carnes",
        "CantidadPorUnidad": "16 tartas",
        "PrecioUnidad": "1007.45",
        "UnidadesEnExistencia": "21",
        "UnidadesEnPedido": "0",
        "NivelNuevoPedido": "10",
        "Suspendido": "FALSE"
    },
    {
        "IdProducto": "55",
        "NombreProducto": "Paté chino",
        "Proveedor": "Ma Maison",
        "Categoría": "Carnes",
        "CantidadPorUnidad": "24 cajas x 2 tartas",
        "PrecioUnidad": "1024",
        "UnidadesEnExistencia": "115",
        "UnidadesEnPedido": "0",
        "NivelNuevoPedido": "20",
        "Suspendido": "FALSE"
    },
    {
        "IdProducto": "56",
        "NombreProducto": "Gnocchi de la abuela Alicia",
        "Proveedor": "Pasta Buttini s.r.l.",
        "Categoría": "Granos/Cereales",
        "CantidadPorUnidad": "24 - paq. 250 g",
        "PrecioUnidad": "1038",
        "UnidadesEnExistencia": "21",
        "UnidadesEnPedido": "10",
        "NivelNuevoPedido": "30",
        "Suspendido": "FALSE"
    },
    {
        "IdProducto": "57",
        "NombreProducto": "Raviolis Angelo",
        "Proveedor": "Pasta Buttini s.r.l.",
        "Categoría": "Granos/Cereales",
        "CantidadPorUnidad": "24 - paq. 250 g",
        "PrecioUnidad": "1019.5",
        "UnidadesEnExistencia": "36",
        "UnidadesEnPedido": "0",
        "NivelNuevoPedido": "20",
        "Suspendido": "FALSE"
    },
    {
        "IdProducto": "58",
        "NombreProducto": "Caracoles de Borgoña",
        "Proveedor": "Escargots Nouveaux",
        "Categoría": "Pescado/Marisco",
        "CantidadPorUnidad": "24 porc.",
        "PrecioUnidad": "1013.25",
        "UnidadesEnExistencia": "62",
        "UnidadesEnPedido": "0",
        "NivelNuevoPedido": "20",
        "Suspendido": "FALSE"
    },
    {
        "IdProducto": "59",
        "NombreProducto": "Raclet de queso Courdavault",
        "Proveedor": "Gai pâturage",
        "Categoría": "Lácteos",
        "CantidadPorUnidad": "paq. 5 kg",
        "PrecioUnidad": "1055",
        "UnidadesEnExistencia": "79",
        "UnidadesEnPedido": "0",
        "NivelNuevoPedido": "0",
        "Suspendido": "FALSE"
    },
    {
        "IdProducto": "60",
        "NombreProducto": "Camembert Pierrot",
        "Proveedor": "Gai pâturage",
        "Categoría": "Lácteos",
        "CantidadPorUnidad": "15 - paq. 300 g",
        "PrecioUnidad": "1034",
        "UnidadesEnExistencia": "19",
        "UnidadesEnPedido": "0",
        "NivelNuevoPedido": "0",
        "Suspendido": "FALSE"
    },
    {
        "IdProducto": "61",
        "NombreProducto": "Sirope de arce",
        "Proveedor": "Forêts d'érables",
        "Categoría": "Condimentos",
        "CantidadPorUnidad": "24 - bot. 500 ml",
        "PrecioUnidad": "1028.5",
        "UnidadesEnExistencia": "113",
        "UnidadesEnPedido": "0",
        "NivelNuevoPedido": "25",
        "Suspendido": "FALSE"
    },
    {
        "IdProducto": "62",
        "NombreProducto": "Tarta de azúcar",
        "Proveedor": "Forêts d'érables",
        "Categoría": "Repostería",
        "CantidadPorUnidad": "48 tartas",
        "PrecioUnidad": "1049.3",
        "UnidadesEnExistencia": "17",
        "UnidadesEnPedido": "0",
        "NivelNuevoPedido": "0",
        "Suspendido": "FALSE"
    },
    {
        "IdProducto": "63",
        "NombreProducto": "Sandwich de vegetales",
        "Proveedor": "Pavlova, Ltd.",
        "Categoría": "Condimentos",
        "CantidadPorUnidad": "15 - frascos 625 g",
        "PrecioUnidad": "1043.9",
        "UnidadesEnExistencia": "24",
        "UnidadesEnPedido": "0",
        "NivelNuevoPedido": "5",
        "Suspendido": "FALSE"
    },
    {
        "IdProducto": "64",
        "NombreProducto": "Bollos de pan de Wimmer",
        "Proveedor": "Plutzer Lebensmittelgroßmärkte AG",
        "Categoría": "Granos/Cereales",
        "CantidadPorUnidad": "20 bolsas x 4 porc.",
        "PrecioUnidad": "1033.25",
        "UnidadesEnExistencia": "22",
        "UnidadesEnPedido": "80",
        "NivelNuevoPedido": "30",
        "Suspendido": "FALSE"
    },
    {
        "IdProducto": "65",
        "NombreProducto": "Salsa de pimiento picante de Luisiana",
        "Proveedor": "New Orleans Cajun Delights",
        "Categoría": "Condimentos",
        "CantidadPorUnidad": "32 - bot. 8 l",
        "PrecioUnidad": "1021.05",
        "UnidadesEnExistencia": "76",
        "UnidadesEnPedido": "0",
        "NivelNuevoPedido": "0",
        "Suspendido": "FALSE"
    },
    {
        "IdProducto": "66",
        "NombreProducto": "Especias picantes de Luisiana",
        "Proveedor": "New Orleans Cajun Delights",
        "Categoría": "Condimentos",
        "CantidadPorUnidad": "24 - frascos 8 l",
        "PrecioUnidad": "1017",
        "UnidadesEnExistencia": "4",
        "UnidadesEnPedido": "100",
        "NivelNuevoPedido": "20",
        "Suspendido": "FALSE"
    },
    {
        "IdProducto": "67",
        "NombreProducto": "Cerveza Laughing Lumberjack",
        "Proveedor": "Bigfoot Breweries",
        "Categoría": "Bebidas",
        "CantidadPorUnidad": "24 - bot. 12 l",
        "PrecioUnidad": "1014",
        "UnidadesEnExistencia": "52",
        "UnidadesEnPedido": "0",
        "NivelNuevoPedido": "10",
        "Suspendido": "FALSE"
    },
    {
        "IdProducto": "68",
        "NombreProducto": "Barras de pan de Escocia",
        "Proveedor": "Specialty Biscuits, Ltd.",
        "Categoría": "Repostería",
        "CantidadPorUnidad": "10 cajas x 8 porc.",
        "PrecioUnidad": "1012.5",
        "UnidadesEnExistencia": "6",
        "UnidadesEnPedido": "10",
        "NivelNuevoPedido": "15",
        "Suspendido": "FALSE"
    },
    {
        "IdProducto": "69",
        "NombreProducto": "Queso Gudbrandsdals",
        "Proveedor": "Norske Meierier",
        "Categoría": "Lácteos",
        "CantidadPorUnidad": "paq. 10 kg",
        "PrecioUnidad": "1036",
        "UnidadesEnExistencia": "26",
        "UnidadesEnPedido": "0",
        "NivelNuevoPedido": "15",
        "Suspendido": "FALSE"
    },
    {
        "IdProducto": "70",
        "NombreProducto": "Cerveza Outback",
        "Proveedor": "Pavlova, Ltd.",
        "Categoría": "Bebidas",
        "CantidadPorUnidad": "24 - bot. 355 ml",
        "PrecioUnidad": "1015",
        "UnidadesEnExistencia": "15",
        "UnidadesEnPedido": "10",
        "NivelNuevoPedido": "30",
        "Suspendido": "FALSE"
    },
    {
        "IdProducto": "71",
        "NombreProducto": "Crema de queso Fløtemys",
        "Proveedor": "Norske Meierier",
        "Categoría": "Lácteos",
        "CantidadPorUnidad": "10 - paq. 500 g",
        "PrecioUnidad": "1021.5",
        "UnidadesEnExistencia": "26",
        "UnidadesEnPedido": "0",
        "NivelNuevoPedido": "0",
        "Suspendido": "FALSE"
    },
    {
        "IdProducto": "72",
        "NombreProducto": "Queso Mozzarella Giovanni",
        "Proveedor": "Formaggi Fortini s.r.l.",
        "Categoría": "Lácteos",
        "CantidadPorUnidad": "24 - paq. 200 g",
        "PrecioUnidad": "1034.8",
        "UnidadesEnExistencia": "14",
        "UnidadesEnPedido": "0",
        "NivelNuevoPedido": "0",
        "Suspendido": "FALSE"
    },
    {
        "IdProducto": "73",
        "NombreProducto": "Caviar rojo",
        "Proveedor": "Svensk Sjöföda AB",
        "Categoría": "Pescado/Marisco",
        "CantidadPorUnidad": "24 - frascos150 g",
        "PrecioUnidad": "1015",
        "UnidadesEnExistencia": "101",
        "UnidadesEnPedido": "0",
        "NivelNuevoPedido": "5",
        "Suspendido": "FALSE"
    },
    {
        "IdProducto": "74",
        "NombreProducto": "Queso de soja Longlife",
        "Proveedor": "Tokyo Traders",
        "Categoría": "Frutas/Verduras",
        "CantidadPorUnidad": "paq. 5 kg",
        "PrecioUnidad": "1010",
        "UnidadesEnExistencia": "4",
        "UnidadesEnPedido": "20",
        "NivelNuevoPedido": "5",
        "Suspendido": "FALSE"
    },
    {
        "IdProducto": "75",
        "NombreProducto": "Cerveza Klosterbier Rhönbräu",
        "Proveedor": "Plutzer Lebensmittelgroßmärkte AG",
        "Categoría": "Bebidas",
        "CantidadPorUnidad": "24 - bot. 0,5 l",
        "PrecioUnidad": "1007.75",
        "UnidadesEnExistencia": "125",
        "UnidadesEnPedido": "0",
        "NivelNuevoPedido": "25",
        "Suspendido": "FALSE"
    },
    {
        "IdProducto": "76",
        "NombreProducto": "Licor Cloudberry",
        "Proveedor": "Karkki Oy",
        "Categoría": "Bebidas",
        "CantidadPorUnidad": "500 ml",
        "PrecioUnidad": "1018",
        "UnidadesEnExistencia": "57",
        "UnidadesEnPedido": "0",
        "NivelNuevoPedido": "20",
        "Suspendido": "FALSE"
    },
    {
        "IdProducto": "77",
        "NombreProducto": "Salsa verde original Frankfurter",
        "Proveedor": "Plutzer Lebensmittelgroßmärkte AG",
        "Categoría": "Condimentos",
        "CantidadPorUnidad": "12 cajas",
        "PrecioUnidad": "1013",
        "UnidadesEnExistencia": "32",
        "UnidadesEnPedido": "0",
        "NivelNuevoPedido": "15",
        "Suspendido": "FALSE"
    }
]